{
  "translate": {
    "n": 100,
    "rho_canonicity": 0.08295706144735217,
    "rho_shingle": null,
    "tier_mean_difficulty": {
      "1": 0.2226,
      "2": 0.2301,
      "3": 0.24
    },
    "tier_n": {
      "1": 45,
      "2": 34,
      "3": 21
    }
  },
  "punctuate": {
    "n": 100,
    "rho_canonicity": 0.058970639556297416,
    "rho_shingle": -0.34363265467507587,
    "tier_mean_difficulty": {
      "1": 0.8486,
      "2": 0.5524,
      "3": 0.7889
    },
    "tier_n": {
      "1": 44,
      "2": 24,
      "3": 32
    }
  },
  "idiom-source": {
    "n": 100,
    "rho_canonicity": 0.6771391450107037,
    "rho_shingle": 0.06463196710115368,
    "tier_mean_difficulty": {
      "1": 0.0692,
      "2": 0.4455,
      "3": 0.8056
    },
    "tier_n": {
      "1": 13,
      "2": 33,
      "3": 54
    }
  },
  "fill-in": {
    "n": 100,
    "rho_canonicity": 0.07716616065451558,
    "rho_shingle": -0.19497124997212384,
    "tier_mean_difficulty": {
      "1": null,
      "2": 0.4,
      "3": 0.5929
    },
    "tier_n": {
      "1": 0,
      "2": 1,
      "3": 99
    }
  },
  "compress": {
    "n": 100,
    "rho_canonicity": 0.41872665983987273,
    "rho_shingle": 0.014972011531967514,
    "tier_mean_difficulty": {
      "1": 0.1015,
      "2": 0.1268,
      "3": 0.1561
    },
    "tier_n": {
      "1": 39,
      "2": 42,
      "3": 19
    }
  }
}